Gender;Married;Dependents;Self_Employed;ApplicantIncome;CoapplicantIncome;LoanAmount;Loan_Amount__term;Credit_History;Property_Area;Loan_Status
Male;No;0;No;12;1;NIL;Medium_long_term;1;Urban;Y
Male;Yes;1;No;10;4;Medium_High;Medium_long_term;1;Rural;N
Male;Yes;0;Yes;6;1;Medium_Low;Medium_long_term;1;Urban;Y
Male;Yes;0;No;6;5;Medium_High;Medium_long_term;1;Urban;Y
Male;No;0;No;12;1;Medium_High;Medium_long_term;1;Urban;Y
Male;Yes;2;Yes;11;9;High;Medium_long_term;1;Urban;Y
Male;Yes;0;No;5;4;Medium_Low;Medium_long_term;1;Urban;Y
Male;Yes;3;No;7;6;Medium_High;Medium_long_term;0;Semiurban;N
Male;Yes;2;No;9;4;Medium_High;Medium_long_term;1;Urban;Y
Male;Yes;1;No;26;22;High;Medium_long_term;1;Semiurban;N
Male;Yes;2;No;7;2;Medium_Low;Medium_long_term;1;Urban;Y
Male;Yes;2;NIL;5;4;Medium_High;Medium_long_term;1;Urban;Y
Male;Yes;2;No;7;17;Medium_High;Medium_long_term;1;Urban;Y
Male;No;0;No;4;6;Medium_High;Medium_long_term;1;Rural;N
Male;Yes;2;No;3;3;Low;Medium_short_term;1;Urban;Y
Male;No;0;No;10;1;Medium_High;Medium_long_term;1;Urban;Y
Male;No;1;No;8;1;Medium_Low;Medium_long_term;NIL;Urban;Y
Female;No;0;No;8;1;Medium_Low;Medium_long_term;0;Urban;N
Male;Yes;0;No;10;1;Medium_High;Medium_long_term;1;Rural;N
Male;Yes;0;NIL;6;7;Medium_High;NIL;1;Urban;Y
Male;Yes;0;No;16;1;Medium_High;Medium_long_term;0;Urban;N
Male;Yes;1;No;12;12;High;Medium_long_term;1;Urban;Y
Male;Yes;0;No;6;4;Medium_High;Medium_long_term;0;Semiurban;N
NIL;Yes;2;No;7;4;Medium_High;Medium_long_term;0;Rural;N
Male;Yes;1;NIL;8;6;Medium_High;Medium_long_term;NIL;Semiurban;N
Male;Yes;0;Yes;20;1;Medium_High;Medium_long_term;1;Semiurban;Y
Male;Yes;0;No;6;5;Medium_High;Medium_long_term;1;Semiurban;Y
Male;Yes;2;No;9;3;Medium_High;Medium_long_term;1;Urban;Y
Male;No;0;No;3;1;Low;Medium_long_term;1;Urban;N
Female;No;2;NIL;8;5;Medium_High;Medium_long_term;1;Semiurban;Y
Male;Yes;1;NIL;9;7;High;Medium_long_term;NIL;Urban;N
Male;No;0;No;7;1;Medium_Low;Medium_long_term;1;Urban;N
Male;No;1;Yes;10;1;Medium_High;Medium_long_term;1;Rural;N
Male;Yes;0;No;7;4;Medium_High;Medium_long_term;1;Semiurban;Y
Male;No;3;No;25;6;High;Medium_long_term;1;Rural;N
Male;Yes;0;No;5;5;NIL;Medium_long_term;1;Urban;Y
Male;Yes;0;No;4;3;Medium_Low;NIL;0;Urban;N
Female;Yes;0;No;8;3;Medium_High;Medium_long_term;1;Semiurban;Y
Male;No;0;No;9;15;Medium_High;Medium_long_term;1;Urban;Y
Male;No;0;No;8;4;Medium_High;Medium_long_term;1;Semiurban;Y
Male;No;0;No;8;1;Medium_Low;Medium_long_term;1;Urban;N
Male;No;0;No;4;3;Low;Medium_long_term;1;Urban;Y
Male;Yes;0;No;5;1;Medium_Low;Medium_long_term;NIL;Urban;Y
Male;Yes;0;No;8;5;Medium_High;Medium_long_term;1;Semiurban;Y
Male;Yes;0;Yes;10;1;Medium_Low;NIL;1;Urban;Y
Female;No;0;No;7;1;Medium_Low;NIL;1;Urban;Y
Male;Yes;1;No;12;1;Low;Medium_long_term;1;Urban;Y
Male;Yes;0;No;12;1;Medium_High;Medium_long_term;1;Urban;Y
Female;Yes;0;No;6;7;Medium_High;Medium_long_term;0;Urban;N
Female;No;0;No;8;5;Medium_High;Medium_long_term;1;Semiurban;Y
Female;Yes;0;No;4;4;Medium_Low;Medium_long_term;1;Semiurban;Y
Female;No;0;No;7;1;Medium_High;Medium_long_term;1;Semiurban;Y
Female;No;0;No;9;1;Medium_High;Medium_long_term;1;Semiurban;N
Male;Yes;2;No;10;1;Medium_High;Medium_long_term;1;Urban;N
Female;Yes;1;Yes;23;1;High;Medium_long_term;0;Urban;N
Male;Yes;2;No;6;3;Medium_Low;Medium_long_term;1;Semiurban;Y
Male;Yes;0;No;5;4;Medium_Low;Medium_long_term;1;Semiurban;Y
Male;Yes;0;No;7;5;Medium_High;Medium_long_term;1;Rural;N
Male;Yes;1;No;17;5;Medium_High;Medium_long_term;1;Urban;Y
Male;Yes;2;No;7;6;Medium_High;Medium_long_term;1;Urban;Y
Male;Yes;0;No;5;8;Medium_High;Medium_long_term;1;Urban;Y
Male;Yes;3;No;7;1;Medium_Low;Medium_long_term;1;Urban;Y
Male;Yes;0;Yes;6;7;Medium_High;Medium_short_term;0;Rural;N
Male;Yes;1;No;10;1;NIL;Medium_long_term;0;Rural;N
Female;No;0;No;9;1;Medium_High;Medium_long_term;0;Semiurban;N
Male;Yes;0;No;12;10;High;Medium_long_term;1;Semiurban;N
Male;No;0;No;7;5;Medium_High;Medium_short_term;0;Urban;N
Male;Yes;1;No;22;1;High;Medium_long_term;1;Urban;Y
Male;Yes;3;Yes;15;1;Medium_High;Short_term;1;Urban;Y
Female;No;0;No;9;1;Medium_High;Medium_long_term;0;Semiurban;N
Male;Yes;0;No;7;7;Medium_High;Medium_long_term;1;Urban;Y
Male;Yes;2;Yes;4;4;Medium_Low;Medium_long_term;1;Semiurban;Y
Male;No;0;No;7;1;Medium_Low;Medium_long_term;1;Semiurban;Y
Male;Yes;3;No;10;1;Medium_Low;NIL;0;Semiurban;N
Male;Yes;3;Yes;11;4;Medium_High;Medium_long_term;1;Semiurban;Y
Male;No;0;No;8;1;Medium_High;Long_term;1;Urban;N
Male;No;0;No;8;10;Medium_High;Medium_long_term;1;Urban;N
Male;Yes;1;Yes;2;7;Medium_High;Medium_long_term;1;Urban;N
Male;Yes;3;No;7;8;Medium_High;Medium_long_term;0;Semiurban;N
Male;Yes;3;Yes;7;5;Medium_High;Medium_long_term;NIL;Semiurban;Y
Female;No;0;No;8;1;Medium_High;Medium_long_term;1;Semiurban;Y
Male;Yes;1;Yes;5;1;NIL;Medium_long_term;1;Semiurban;Y
Female;Yes;2;No;3;4;Medium_High;Medium_long_term;1;Urban;N
Male;Yes;0;No;12;5;High;Medium_long_term;NIL;Semiurban;N
Male;Yes;1;No;8;1;Low;Medium_long_term;1;Urban;Y
Male;No;0;No;5;6;Medium_High;Medium_long_term;1;Semiurban;Y
Male;Yes;2;No;7;4;Medium_Low;Medium_long_term;NIL;Semiurban;Y
Male;Yes;0;No;5;5;Medium_High;Medium_long_term;1;Semiurban;Y
Male;No;0;No;18;1;High;Medium_long_term;1;Urban;Y
Male;Yes;0;No;12;9;Medium_High;Medium_long_term;1;Semiurban;Y
Male;Yes;0;No;6;6;Medium_High;Medium_long_term;1;Semiurban;Y
Male;Yes;2;No;13;12;Medium_High;Medium_short_term;1;Semiurban;Y
Male;Yes;2;No;7;4;Medium_Low;Medium_long_term;1;Urban;Y
Male;No;0;No;9;1;Medium_High;Medium_long_term;1;Semiurban;Y
Male;No;0;No;8;1;Low;Medium_short_term;1;Semiurban;Y
Male;No;0;NIL;14;1;NIL;Medium_long_term;NIL;Urban;N
Female;Yes;0;No;5;5;Medium_High;Medium_long_term;1;Semiurban;Y
Male;Yes;0;No;4;2;Low;Medium_long_term;1;Semiurban;Y
Male;Yes;0;No;9;1;Medium_High;Medium_short_term;1;Semiurban;Y
Male;Yes;0;No;4;8;Medium_High;Medium_long_term;1;Semiurban;Y
Male;Yes;2;No;9;7;Medium_High;Medium_short_term;1;Urban;Y
Male;No;0;No;10;8;Medium_High;Medium_long_term;1;Semiurban;Y
Male;Yes;NIL;No;28;1;NIL;Medium_long_term;1;Urban;Y
Male;Yes;0;No;10;8;NIL;Medium_long_term;1;Semiurban;Y
Male;NIL;NIL;No;8;2;Medium_High;Medium_long_term;1;Urban;Y
Male;Yes;1;No;7;3;Medium_Low;Medium_long_term;1;Urban;Y
Male;Yes;2;No;23;3;High;Medium_long_term;1;Urban;Y
Male;No;0;NIL;15;1;Medium_High;Medium_long_term;1;Rural;N
Male;Yes;2;No;8;8;High;Medium_long_term;0;Urban;N
Male;Yes;3;No;5;2;Medium_Low;Long_term;1;Semiurban;Y
Male;No;0;No;11;1;Medium_High;Medium_long_term;1;Urban;Y
Female;Yes;0;NIL;6;5;Medium_High;Medium_long_term;1;Semiurban;Y
Male;Yes;0;No;8;9;Medium_High;NIL;0;Rural;N
Female;No;1;Yes;15;1;NIL;Medium_long_term;1;Semiurban;Y
Male;No;0;NIL;11;1;Medium_High;Medium_long_term;1;Semiurban;Y
Male;Yes;1;No;30;1;Medium_High;Medium_short_term;1;Rural;Y
Female;Yes;0;No;7;5;Medium_High;Medium_long_term;1;Semiurban;Y
Male;Yes;1;No;5;3;Medium_Low;Medium_long_term;NIL;Urban;Y
Male;Yes;0;No;12;5;Medium_High;Medium_long_term;1;Rural;N
Female;No;0;No;21;1;High;Medium_long_term;1;Urban;Y
Male;Yes;NIL;No;12;6;Medium_High;Medium_long_term;1;Rural;Y
Female;No;0;No;9;1;Low;Medium_long_term;1;Semiurban;Y
Female;No;0;No;5;18;Medium_High;Medium_long_term;0;Semiurban;Y
Male;Yes;2;No;6;1;Medium_Low;Medium_long_term;1;Semiurban;Y
Male;Yes;0;No;9;5;Medium_High;Medium_long_term;1;Rural;Y
Female;No;0;No;8;1;Medium_Low;Medium_long_term;NIL;Rural;Y
NIL;Yes;3;No;48;1;High;Medium_long_term;1;Rural;Y
Male;No;0;No;8;4;NIL;Medium_long_term;1;Rural;Y
Male;Yes;1;Yes;22;8;Medium_High;Medium_short_term;0;Urban;N
Male;Yes;0;No;13;6;Medium_High;Medium_long_term;NIL;Rural;N
Male;No;0;Yes;41;1;Very_high;Long_term;NIL;Urban;Y
Male;No;0;No;5;4;Medium_Low;Medium_long_term;1;Urban;Y
Male;No;0;No;6;1;Medium_Low;Medium_long_term;1;Semiurban;Y
Male;Yes;0;Yes;7;1;Low;Medium_short_term;1;Semiurban;Y
Male;No;0;No;10;1;Medium_High;Medium_long_term;1;Semiurban;Y
Male;Yes;3;No;8;16;High;Medium_long_term;1;Semiurban;N
Female;Yes;0;No;10;1;Medium_Low;Medium_long_term;1;Rural;N
Male;Yes;2;Yes;7;7;Medium_Low;Medium_long_term;1;Urban;Y
Male;No;0;No;30;1;High;Medium_long_term;0;Semiurban;N
Male;Yes;2;No;9;3;Medium_High;Medium_long_term;1;Rural;N
Male;Yes;2;No;11;5;Medium_High;Medium_long_term;1;Rural;N
Male;No;0;No;11;1;Medium_High;Medium_long_term;1;Urban;Y
Male;No;0;Yes;14;1;Medium_High;Medium_short_term;1;Semiurban;Y
Male;Yes;0;No;6;5;Medium_High;Medium_long_term;1;Semiurban;Y
Male;Yes;2;No;24;1;Medium_High;Medium_short_term;1;Urban;Y
Female;Yes;0;No;5;9;Medium_Low;Medium_long_term;1;Semiurban;Y
Female;Yes;2;No;30;1;Medium_Low;Medium_long_term;1;Urban;Y
Male;Yes;1;No;4;3;Low;Medium_long_term;1;Urban;Y
Female;No;0;No;20;4;High;Medium_long_term;1;Rural;N
Male;Yes;0;No;10;2;Medium_High;Medium_long_term;1;Semiurban;Y
Male;No;0;No;13;1;Medium_High;Medium_long_term;0;Rural;N
Male;Yes;0;Yes;6;8;Medium_High;Medium_long_term;1;Rural;Y
Male;No;0;No;19;1;High;Medium_long_term;1;Urban;N
Male;Yes;2;No;5;1;Medium_High;Medium_long_term;1;Rural;N
Male;No;0;No;7;1;Low;Medium_long_term;1;Urban;Y
Male;Yes;3;No;80;1;Very_high;Medium_short_term;0;Semiurban;Y
Male;Yes;1;No;12;1;Medium_High;Medium_long_term;NIL;Rural;Y
Male;Yes;1;No;20;1;Medium_High;Medium_long_term;1;Urban;Y
Male;No;0;NIL;6;5;Medium_High;Medium_long_term;1;Rural;Y
Male;Yes;0;No;10;12;High;Medium_long_term;1;Semiurban;Y
Male;Yes;0;No;4;3;Medium_Low;Medium_long_term;1;Semiurban;Y
Male;Yes;0;No;16;1;High;Medium_long_term;1;Urban;N
Male;Yes;1;No;7;3;Medium_High;Medium_long_term;0;Semiurban;N
Male;Yes;2;No;9;3;Medium_High;Medium_long_term;1;Rural;Y
Male;Yes;0;No;19;1;Medium_Low;Medium_short_term;1;Urban;Y
Male;Yes;0;No;8;7;Medium_High;NIL;1;Rural;Y
Female;Yes;0;No;10;1;Medium_High;Medium_long_term;1;Rural;N
Male;Yes;0;No;5;7;Medium_High;Medium_long_term;1;Rural;Y
Male;No;0;No;5;1;Medium_Low;Long_term;0;Semiurban;N
Male;Yes;2;No;16;1;Medium_High;Medium_long_term;1;Semiurban;Y
Male;Yes;0;NIL;4;4;Medium_Low;Medium_long_term;1;Rural;Y
NIL;Yes;3;No;104;1;Very_high;Medium_long_term;1;Urban;Y
Male;Yes;3;No;8;1;Medium_Low;Medium_short_term;1;Rural;N
Male;Yes;0;No;12;12;Medium_High;Medium_long_term;1;Semiurban;Y
Male;Yes;0;Yes;9;2;Medium_Low;Medium_long_term;1;Semiurban;N
Male;Yes;0;No;7;4;Medium_High;Medium_long_term;1;Rural;Y
Male;Yes;2;No;5;4;Medium_High;Medium_long_term;1;Rural;Y
Male;Yes;3;No;12;23;Very_high;Medium_long_term;0;Semiurban;N
Male;Yes;1;No;8;1;Medium_High;Medium_long_term;1;Semiurban;Y
Male;No;0;No;5;3;Medium_High;Long_term;0;Urban;N
Male;Yes;1;No;13;15;Medium_High;Medium_long_term;0;Urban;N
Male;No;0;No;4;11;Medium_Low;Medium_long_term;NIL;Rural;N
Male;Yes;0;No;10;1;Medium_Low;Medium_short_term;1;Semiurban;Y
Male;Yes;1;No;68;1;High;Medium_long_term;1;Semiurban;N
Female;Yes;0;No;8;1;Medium_High;Medium_long_term;1;Semiurban;Y
Male;Yes;0;Yes;79;10;Medium_High;Medium_long_term;1;Semiurban;Y
Male;Yes;1;Yes;5;1;Medium_Low;Medium_long_term;0;Rural;N
Male;Yes;0;No;5;5;Medium_Low;Medium_long_term;NIL;Rural;Y
NIL;Yes;0;Yes;2;11;Medium_High;Medium_long_term;1;Rural;Y
Male;Yes;0;No;19;1;Medium_High;Medium_short_term;1;Rural;Y
Male;No;0;No;10;1;Low;Medium_long_term;1;Rural;Y
Male;No;0;No;24;1;Medium_High;Medium_long_term;1;Semiurban;N
Male;Yes;0;No;13;1;Medium_High;Medium_long_term;1;Urban;N
Male;No;0;No;8;1;Medium_Low;Medium_long_term;1;Semiurban;Y
Male;No;0;No;9;1;Medium_High;Medium_long_term;1;Rural;Y
Male;Yes;1;No;7;6;Medium_High;Medium_long_term;1;Semiurban;N
Male;No;0;No;17;8;Medium_High;Medium_long_term;1;Rural;Y
Female;No;0;No;4;5;Medium_High;NIL;1;Urban;Y
Female;Yes;0;No;7;6;Medium_High;Medium_long_term;NIL;Semiurban;Y
Male;No;0;Yes;22;1;Medium_Low;Medium_long_term;1;Urban;N
Male;Yes;1;No;6;5;Medium_Low;Medium_long_term;1;Semiurban;Y
Male;No;2;No;10;1;Medium_High;Medium_long_term;0;Semiurban;Y
Male;Yes;3;No;8;1;NIL;Medium_short_term;1;Urban;N
Male;Yes;1;No;7;3;Medium_High;Medium_long_term;1;Urban;Y
Male;Yes;2;No;8;1;Medium_High;Medium_long_term;1;Semiurban;Y
Female;No;0;No;9;1;Medium_High;Medium_long_term;1;Semiurban;Y
Female;No;0;No;7;1;Medium_Low;Medium_long_term;1;Urban;Y
Male;No;0;No;8;6;Medium_Low;Medium_long_term;1;Rural;Y
Male;No;0;No;5;1;Medium_Low;Medium_long_term;1;Urban;Y
Male;No;0;No;7;1;Medium_High;Medium_long_term;1;Semiurban;N
Female;No;0;No;20;1;High;Medium_long_term;1;Semiurban;N
Male;Yes;3;No;7;3;Medium_High;Medium_long_term;0;Semiurban;N
Male;Yes;1;Yes;16;1;High;Medium_long_term;1;Urban;Y
Male;Yes;3;Yes;12;1;Medium_High;Medium_long_term;1;Rural;Y
Male;Yes;0;No;7;7;Medium_High;Medium_long_term;1;Urban;Y
Male;Yes;3;No;8;2;Medium_Low;Medium_long_term;1;Semiurban;Y
Male;Yes;0;No;1;4;Medium_High;Medium_long_term;1;Rural;N
Male;Yes;0;No;8;4;Medium_High;Medium_long_term;1;Semiurban;Y
Male;Yes;2;NIL;10;1;Medium_Low;Medium_long_term;0;Semiurban;N
Female;Yes;2;No;9;5;Medium_High;Medium_long_term;NIL;Semiurban;Y
Male;Yes;0;No;5;1;Medium_Low;Medium_long_term;0;Urban;N
Male;Yes;2;No;9;4;Medium_High;Medium_long_term;1;Semiurban;Y
Male;No;0;No;6;6;Medium_High;Medium_long_term;1;Semiurban;Y
Male;Yes;0;No;16;3;Medium_High;NIL;1;Semiurban;Y
Male;Yes;0;No;13;1;Medium_High;Medium_long_term;1;Semiurban;Y
Male;Yes;0;No;7;1;Medium_High;Medium_long_term;1;Rural;N
Male;Yes;NIL;Yes;10;1;Medium_High;Medium_long_term;1;Urban;N
Male;Yes;2;No;13;4;High;Medium_long_term;1;Semiurban;Y
Male;NIL;NIL;No;10;1;Medium_High;Long_term;1;Semiurban;Y
Male;No;0;Yes;13;1;Medium_High;Medium_long_term;1;Rural;Y
Male;Yes;1;No;5;5;Medium_High;Medium_long_term;1;Semiurban;Y
Male;Yes;0;NIL;8;1;Low;Medium_short_term;1;Rural;Y
Male;No;0;No;7;6;Medium_High;NIL;1;Rural;Y
Female;No;0;No;17;1;High;Medium_long_term;1;Semiurban;Y
Male;Yes;1;No;7;4;Medium_High;Medium_long_term;1;Semiurban;Y
Male;Yes;1;No;11;3;Medium_High;Medium_long_term;1;Rural;Y
Male;Yes;0;NIL;12;1;High;Medium_long_term;NIL;Urban;N
Female;No;0;Yes;7;1;Medium_High;Medium_long_term;NIL;Urban;Y
Female;No;1;No;8;1;Medium_High;Medium_long_term;1;Rural;Y
Male;Yes;1;No;7;1;Medium_Low;Medium_long_term;1;Semiurban;Y
Male;Yes;2;No;12;10;Medium_High;Medium_long_term;1;Rural;Y
Male;Yes;1;No;6;4;Medium_High;Medium_short_term;1;Urban;N
Male;No;0;No;6;12;Medium_High;Short_term;1;Urban;Y
Male;Yes;2;Yes;13;3;Medium_High;Medium_long_term;1;Rural;Y
Male;Yes;0;No;7;9;Medium_High;Medium_long_term;1;Semiurban;Y
Male;No;0;Yes;13;9;Medium_High;Medium_short_term;1;Urban;N
Male;Yes;2;No;20;1;Medium_High;Medium_long_term;1;Urban;Y
Male;Yes;1;No;14;1;Medium_High;Medium_short_term;1;Urban;Y
Male;Yes;1;No;6;4;Medium_High;Long_term;1;Semiurban;Y
Male;Yes;0;No;4;4;Medium_Low;Medium_long_term;1;Urban;Y
Male;Yes;0;No;4;8;High;Medium_long_term;0;Semiurban;N
Female;No;2;No;7;1;Medium_High;Medium_long_term;1;Urban;N
Male;No;0;Yes;6;5;Medium_High;Medium_long_term;1;Rural;Y
Male;Yes;1;No;6;15;High;Medium_short_term;1;Semiurban;Y
Male;No;0;Yes;33;1;Medium_High;Medium_long_term;0;Urban;N
Female;No;3;No;7;1;High;Medium_long_term;1;Rural;Y
Male;No;0;No;13;1;Medium_High;Medium_long_term;0;Rural;N
Male;Yes;3;No;11;1;Medium_Low;Medium_long_term;1;Urban;N
Male;Yes;0;No;30;5;High;Medium_long_term;1;Rural;N
Male;Yes;3;No;10;1;Medium_High;Medium_long_term;NIL;Semiurban;N
Male;Yes;1;No;13;9;High;Medium_long_term;NIL;Urban;Y
Male;No;0;No;5;5;Medium_High;Medium_long_term;1;Semiurban;Y
Female;No;1;No;7;1;Medium_High;Short_term;1;Semiurban;N
Female;No;0;No;15;1;Medium_High;Medium_long_term;1;Rural;Y
Male;No;0;Yes;11;1;Medium_High;Medium_long_term;1;Semiurban;Y
Male;No;0;No;9;7;Medium_High;Medium_long_term;1;Rural;Y
Male;Yes;2;No;10;3;Medium_High;Medium_long_term;1;Semiurban;Y
Male;Yes;3;No;9;4;Medium_High;Medium_long_term;0;Urban;Y
Female;No;0;NIL;7;1;Medium_High;Medium_long_term;1;Rural;N
Female;No;1;No;6;4;Medium_Low;Medium_long_term;1;Urban;Y
Female;No;0;No;7;1;Low;Medium_long_term;1;Urban;Y
Male;Yes;0;No;23;1;Medium_High;Medium_long_term;1;Urban;Y
Male;No;0;No;6;4;Medium_High;Medium_long_term;1;Rural;Y
Male;Yes;0;No;6;5;Medium_High;Medium_long_term;1;Semiurban;Y
Male;Yes;2;No;8;1;Medium_Low;Medium_long_term;1;Semiurban;Y
Male;Yes;1;No;6;4;Medium_High;Medium_long_term;1;Semiurban;Y
Male;Yes;0;No;8;7;High;Medium_long_term;1;Semiurban;Y
Male;Yes;0;No;7;3;Medium_Low;Medium_long_term;1;Urban;Y
Male;Yes;0;No;30;1;Very_high;Medium_long_term;1;Semiurban;Y
Female;Yes;0;No;9;1;Medium_High;Medium_long_term;NIL;Rural;Y
Male;No;1;Yes;9;5;Medium_High;Medium_long_term;0;Urban;N
Male;Yes;0;No;8;2;Medium_High;Medium_long_term;1;Semiurban;Y
Male;Yes;2;No;5;2;Medium_Low;Medium_short_term;1;Urban;Y
Female;No;0;No;4;4;Medium_Low;Medium_long_term;1;Urban;Y
Male;Yes;0;No;42;1;NIL;Medium_long_term;1;Rural;N
Male;No;0;No;7;7;Medium_Low;Medium_long_term;1;Rural;Y
Female;No;0;Yes;6;4;Medium_Low;Medium_long_term;1;Semiurban;N
Male;Yes;0;No;8;4;Medium_High;Medium_long_term;1;Rural;Y
Female;No;0;No;9;1;Medium_High;Medium_long_term;1;Semiurban;Y
Male;No;0;No;20;1;Medium_High;Medium_long_term;1;Rural;Y
Male;Yes;0;No;7;5;Medium_High;Medium_long_term;1;Rural;Y
Male;Yes;2;No;9;1;Medium_High;Medium_long_term;0;Semiurban;N
Male;Yes;2;No;7;4;Medium_High;Medium_long_term;1;Urban;Y
Female;No;NIL;No;11;1;Medium_High;Long_term;0;Urban;N
Male;Yes;0;No;5;7;Medium_High;Medium_long_term;1;Semiurban;Y
Male;Yes;3;NIL;9;3;Medium_High;Medium_long_term;1;Urban;Y
Male;Yes;1;No;14;1;Medium_High;Medium_long_term;1;Semiurban;Y
Female;Yes;1;No;10;1;Medium_High;Medium_long_term;1;Urban;Y
Female;No;0;No;10;6;Medium_High;Long_term;1;Rural;N
Male;Yes;1;No;5;6;Medium_High;Medium_long_term;1;Urban;N
Male;Yes;0;No;4;6;Medium_Low;Medium_long_term;0;Urban;N
Male;Yes;NIL;No;6;4;Medium_High;Medium_long_term;1;Semiurban;Y
Female;No;0;No;10;1;Medium_High;Medium_long_term;1;Rural;Y
Male;Yes;1;No;4;4;Medium_Low;Medium_long_term;1;Urban;Y
Male;No;0;No;8;5;Medium_High;Medium_long_term;1;Rural;Y
Male;No;0;No;4;1;NIL;Medium_long_term;1;Urban;N
Female;No;0;No;8;4;Medium_High;Medium_long_term;1;Rural;Y
Female;No;0;No;5;4;Medium_High;Medium_long_term;0;Urban;N
Male;No;0;No;41;1;Very_high;Medium_long_term;1;Rural;N
Male;Yes;2;No;16;1;Medium_High;Medium_long_term;NIL;Rural;Y
Female;No;0;No;6;1;Medium_Low;Medium_long_term;1;Semiurban;Y
Male;No;0;No;6;5;Medium_High;Medium_long_term;1;Semiurban;Y
Female;No;0;No;6;1;Medium_Low;Medium_long_term;1;Rural;Y
Male;Yes;2;Yes;12;1;Medium_High;Medium_short_term;NIL;Rural;Y
NIL;Yes;0;No;5;4;Medium_High;Medium_long_term;1;Rural;N
Male;Yes;1;No;7;4;Medium_High;Medium_short_term;1;Urban;Y
Male;Yes;2;No;8;1;Medium_High;Medium_long_term;1;Semiurban;Y
Male;Yes;0;No;5;5;Medium_Low;Medium_long_term;NIL;Urban;Y
Female;No;1;No;8;1;Medium_High;Medium_long_term;NIL;Semiurban;Y
Male;Yes;1;Yes;20;1;Medium_High;Medium_long_term;1;Rural;N
Male;Yes;0;No;5;5;Medium_High;Medium_long_term;1;Semiurban;Y
Male;Yes;3;No;9;1;Medium_High;Medium_long_term;1;Semiurban;Y
Male;Yes;2;No;8;4;NIL;Medium_long_term;1;Rural;Y
Female;No;0;No;7;6;Medium_High;Medium_long_term;NIL;Rural;Y
Male;Yes;3;No;30;1;High;Medium_long_term;1;Rural;Y
Male;Yes;1;Yes;18;10;High;Medium_long_term;0;Rural;N
Male;No;0;No;10;1;Medium_High;Medium_long_term;0;Rural;Y
Male;Yes;0;Yes;12;5;Medium_High;Medium_long_term;1;Semiurban;Y
Female;Yes;0;No;9;5;Medium_High;Medium_long_term;1;Urban;N
Female;No;0;No;5;1;Medium_Low;Medium_long_term;1;Urban;Y
Male;No;1;No;9;4;Medium_High;Medium_long_term;1;Urban;Y
Male;No;0;No;6;1;Medium_Low;Medium_long_term;1;Semiurban;Y
Male;No;NIL;No;6;1;Medium_Low;Medium_long_term;1;Urban;Y
Male;Yes;0;NIL;127;1;Very_high;Medium_short_term;1;Urban;Y
NIL;Yes;1;Yes;20;4;Medium_High;Medium_short_term;1;Urban;Y
Male;Yes;NIL;Yes;12;9;Medium_Low;NIL;1;Semiurban;Y
Male;Yes;1;NIL;11;2;Medium_High;Medium_long_term;1;Rural;Y
Male;Yes;2;Yes;5;10;Medium_High;Medium_long_term;1;Rural;Y
Female;No;3;No;4;1;NIL;Medium_long_term;0;Urban;N
Female;No;0;No;9;1;Medium_Low;Medium_long_term;1;Semiurban;Y
Male;Yes;3;No;6;4;Medium_High;Medium_long_term;1;Rural;N
Female;No;0;No;5;1;Low;Medium_long_term;1;Rural;N
Male;Yes;1;No;10;3;Medium_High;Medium_long_term;1;Urban;Y
Male;Yes;3;No;7;1;Medium_Low;Medium_long_term;1;Semiurban;Y
Male;Yes;2;NIL;6;5;Medium_High;Medium_long_term;1;Rural;Y
Male;Yes;0;No;5;5;Medium_High;Medium_long_term;1;Semiurban;Y
Male;Yes;NIL;No;8;7;Medium_High;Medium_long_term;0;Rural;N
Male;Yes;2;No;7;5;Medium_High;Medium_long_term;1;Urban;Y
Male;Yes;0;No;13;10;High;Medium_long_term;NIL;Semiurban;Y
Male;Yes;0;No;6;13;Medium_High;Medium_long_term;1;Rural;Y
Male;Yes;0;No;19;1;High;Medium_long_term;1;Semiurban;Y
Male;No;0;No;18;9;High;Medium_long_term;1;Rural;N
Male;Yes;3;No;6;5;Medium_Low;Medium_long_term;1;Rural;Y
Female;Yes;0;Yes;11;1;Medium_High;Medium_long_term;0;Rural;N
Female;Yes;0;No;5;2;Medium_High;Medium_long_term;1;Semiurban;Y
Female;No;NIL;No;8;1;Medium_High;Medium_short_term;1;Urban;Y
Male;Yes;2;No;17;7;Medium_High;Medium_long_term;1;Rural;Y
Male;Yes;1;No;8;1;Medium_Low;Medium_long_term;1;Urban;N
Male;Yes;0;No;6;4;Medium_Low;Long_term;0;Urban;N
Male;Yes;3;No;11;7;Medium_High;Medium_long_term;1;Semiurban;Y
Female;No;1;No;10;1;Medium_Low;Medium_long_term;1;Semiurban;N
Male;Yes;2;No;10;8;High;Medium_long_term;1;Semiurban;Y
Male;Yes;0;No;10;5;Medium_High;Medium_long_term;1;Urban;Y
Male;Yes;0;No;7;7;Medium_Low;Medium_long_term;NIL;Urban;Y
Male;No;0;Yes;14;1;Medium_High;Medium_long_term;1;Rural;Y
Male;No;0;No;13;1;Medium_High;Medium_long_term;1;Rural;N
Male;No;0;No;5;1;Medium_Low;Long_term;1;Semiurban;N
Male;No;0;No;11;1;Medium_High;NIL;0;Rural;N
Male;Yes;1;No;13;1;Medium_High;Medium_long_term;1;Semiurban;Y
Male;Yes;0;No;40;11;Very_high;Medium_long_term;1;Rural;N
Female;No;0;Yes;32;1;Medium_Low;Medium_long_term;1;Semiurban;Y
Male;Yes;2;No;11;1;Medium_High;Medium_long_term;1;Semiurban;Y
Male;Yes;2;Yes;19;16;High;Medium_long_term;1;Rural;Y
Male;No;1;No;7;4;Medium_High;Medium_short_term;0;Urban;N
Female;No;0;NIL;6;3;Medium_High;Medium_long_term;1;Urban;Y
Male;Yes;0;No;10;2;Medium_High;Medium_short_term;1;Urban;Y
Male;Yes;3;No;18;10;Medium_High;Medium_long_term;1;Rural;Y
Male;Yes;0;No;9;1;Medium_High;Medium_long_term;NIL;Semiurban;Y
Male;No;0;No;7;1;Medium_Low;Long_term;1;Urban;N
Male;Yes;2;No;11;1;Medium_High;Medium_long_term;1;Urban;Y
Male;Yes;0;NIL;7;5;Medium_High;Medium_long_term;1;Semiurban;Y
Male;No;0;No;12;9;High;Medium_long_term;1;Semiurban;Y
Female;No;0;No;12;1;Medium_High;Medium_long_term;1;Urban;Y
Male;No;0;Yes;15;1;Medium_High;Medium_long_term;1;Urban;Y
Male;Yes;2;No;10;1;Medium_Low;Medium_long_term;1;Urban;N
Male;No;1;NIL;8;1;Medium_High;Medium_short_term;1;Urban;Y
Male;No;0;No;5;4;Medium_High;Medium_long_term;1;Semiurban;Y
Male;Yes;0;No;7;7;NIL;Medium_long_term;0;Urban;N
Male;Yes;0;No;5;5;Medium_High;Medium_long_term;1;Urban;Y
Male;Yes;0;No;11;1;Medium_High;Medium_long_term;1;Rural;Y
Male;No;3;No;19;1;Medium_High;Medium_long_term;1;Rural;Y
Male;Yes;3;No;20;1;High;Medium_long_term;1;Rural;Y
Male;Yes;0;No;6;5;Medium_High;Medium_long_term;NIL;Urban;Y
Male;Yes;2;No;4;4;Medium_High;Medium_short_term;1;Semiurban;Y
Male;Yes;2;No;7;3;Medium_High;Medium_long_term;1;Urban;Y
Male;Yes;2;No;7;1;Medium_High;Medium_long_term;NIL;Semiurban;Y
Female;No;0;No;7;1;Medium_Low;Medium_long_term;0;Urban;N
Male;Yes;0;No;7;3;Medium_Low;Medium_long_term;1;Urban;Y
Male;No;0;No;8;4;Medium_High;Medium_long_term;1;Rural;Y
Female;No;0;No;3;4;Medium_High;Medium_long_term;0;Semiurban;N
Male;Yes;2;No;6;1;Low;Medium_short_term;0;Urban;N
Male;No;0;No;6;1;Medium_Low;Medium_long_term;1;Rural;N
Male;No;0;No;5;40;Medium_High;Medium_long_term;1;Semiurban;Y
Female;No;0;No;4;1;Medium_Low;Medium_long_term;1;Semiurban;Y
Female;No;0;Yes;15;1;Medium_High;Medium_long_term;1;Rural;N
Female;No;0;No;10;1;Medium_High;Medium_long_term;1;Semiurban;Y
Male;Yes;0;No;5;5;Medium_High;Medium_long_term;1;Urban;Y
Female;No;0;No;5;1;Medium_Low;Medium_long_term;1;Rural;Y
Male;Yes;1;No;17;1;Medium_High;Medium_long_term;0;Semiurban;N
Male;Yes;3;No;162;1;High;Medium_long_term;0;Rural;N
Female;No;1;Yes;8;1;Medium_Low;Medium_long_term;1;Semiurban;N
Male;Yes;0;NIL;13;1;Medium_High;Medium_long_term;NIL;Urban;Y
Male;Yes;0;No;13;1;High;Medium_long_term;0;Rural;N
Male;Yes;0;No;5;5;Medium_High;Medium_long_term;1;Rural;Y
Female;Yes;0;No;5;7;Medium_High;Medium_long_term;0;Semiurban;N
Female;No;0;No;6;1;Medium_Low;Medium_long_term;1;Urban;Y
Female;No;1;No;6;1;Medium_High;Medium_long_term;1;Urban;N
Male;Yes;2;Yes;4;40;High;Medium_long_term;1;Urban;N
Male;Yes;0;No;3;6;Medium_High;Medium_long_term;1;Rural;Y
Male;Yes;0;No;7;3;Medium_High;Medium_long_term;1;Semiurban;Y
Male;Yes;0;No;12;1;Medium_High;Medium_long_term;1;Rural;Y
Female;No;0;No;6;1;Medium_Low;NIL;0;Urban;N
Male;Yes;0;No;4;4;Medium_Low;Medium_long_term;1;Urban;Y
Male;Yes;1;No;15;4;Medium_High;NIL;0;Urban;N
Male;Yes;0;No;30;1;Medium_Low;Medium_long_term;1;Semiurban;Y
Male;Yes;0;No;6;9;Medium_High;Medium_long_term;1;Rural;Y
Female;No;1;No;10;1;Medium_Low;Medium_long_term;1;Rural;N
Male;Yes;2;No;12;1;Medium_High;Medium_long_term;1;Semiurban;Y
Male;Yes;0;No;6;1;Medium_Low;Medium_long_term;1;Rural;Y
Male;No;0;No;6;1;Medium_Low;Medium_short_term;1;Urban;Y
Female;No;1;Yes;18;1;Medium_High;Medium_long_term;1;Semiurban;Y
Male;No;0;No;13;1;Medium_High;Medium_long_term;0;Rural;N
Male;No;0;NIL;26;1;Very_high;Medium_long_term;1;Semiurban;Y
Male;Yes;0;No;5;5;Medium_High;Medium_long_term;1;Semiurban;Y
Male;No;0;No;8;1;Medium_Low;Medium_long_term;1;Urban;Y
Female;NIL;NIL;No;21;1;NIL;Medium_long_term;1;Semiurban;Y
Male;No;0;No;4;4;Low;Medium_long_term;1;Semiurban;Y
Male;Yes;0;No;5;3;NIL;Medium_long_term;1;Urban;Y
Male;No;0;Yes;21;1;Medium_High;Medium_long_term;0;Urban;N
Female;Yes;0;Yes;15;1;Medium_High;Medium_long_term;1;Rural;Y
Male;No;0;No;8;11;Medium_High;Medium_long_term;1;Semiurban;Y
Male;Yes;0;No;16;4;Medium_High;Medium_long_term;1;Rural;Y
Male;No;3;No;10;4;Medium_High;Medium_long_term;1;Semiurban;Y
Male;No;1;No;76;1;Medium_High;Medium_long_term;1;Semiurban;Y
Male;Yes;0;No;15;17;Medium_High;Medium_long_term;NIL;Rural;Y
Male;Yes;1;Yes;7;3;Medium_High;Medium_long_term;1;Rural;Y
Male;Yes;2;No;10;1;Medium_High;Medium_long_term;1;Rural;Y
Male;Yes;0;NIL;8;3;Medium_Low;Medium_long_term;1;Rural;N
Male;Yes;2;No;7;4;Medium_High;Medium_long_term;0;Rural;N
Male;No;1;Yes;6;4;Medium_High;Medium_long_term;NIL;Semiurban;N
Male;Yes;2;No;5;3;Medium_High;Medium_long_term;0;Rural;N
Male;Yes;2;No;4;3;Medium_Low;Medium_long_term;NIL;Urban;Y
Male;Yes;0;No;8;4;Medium_High;Medium_long_term;0;Rural;N
Male;Yes;0;No;5;5;Medium_Low;Medium_short_term;0;Rural;Y
Male;No;0;Yes;15;1;Medium_Low;Medium_long_term;1;Semiurban;Y
Male;Yes;2;No;8;1;Medium_Low;Medium_long_term;1;Semiurban;Y
Male;Yes;0;No;9;1;Medium_High;Medium_long_term;1;Urban;Y
Male;Yes;0;No;8;6;Medium_High;Medium_long_term;1;Urban;N
Male;No;2;No;9;1;Medium_High;Medium_long_term;1;Rural;Y
Male;Yes;0;No;17;1;Medium_High;Medium_long_term;1;Semiurban;N
NIL;Yes;0;Yes;5;9;Medium_High;Medium_long_term;NIL;Semiurban;Y
Male;Yes;3;No;16;1;Medium_High;Medium_short_term;1;Urban;Y
Male;Yes;0;No;7;5;Medium_High;Medium_long_term;1;Rural;Y
Female;No;1;NIL;11;1;Medium_High;Medium_long_term;1;Semiurban;Y
Male;No;0;No;9;1;Medium_Low;Medium_long_term;0;Semiurban;N
Male;No;0;No;12;1;Medium_High;Medium_long_term;1;Rural;Y
Male;Yes;3;No;6;4;Medium_Low;Medium_short_term;0;Urban;N
NIL;Yes;0;No;34;1;Medium_High;Medium_long_term;1;Semiurban;Y
Female;Yes;2;NIL;1;6;Medium_Low;Medium_long_term;1;Semiurban;Y
Male;Yes;0;No;9;5;Medium_High;Medium_long_term;1;Urban;N
Male;Yes;1;Yes;7;5;Medium_High;Medium_long_term;1;Semiurban;Y
Male;Yes;1;No;6;3;Medium_High;Medium_short_term;0;Rural;N
Male;Yes;3;No;10;1;Medium_Low;Medium_long_term;1;Semiurban;Y
Female;No;0;Yes;5;1;Medium_Low;Medium_long_term;NIL;Urban;Y
Male;No;2;No;12;10;Medium_High;Medium_long_term;1;Rural;Y
Male;Yes;2;Yes;34;3;Medium_High;Medium_long_term;1;Rural;Y
Male;Yes;2;No;14;4;High;Medium_long_term;1;Semiurban;Y
NIL;Yes;2;No;6;4;Medium_High;Medium_long_term;0;Semiurban;N
Male;Yes;1;Yes;34;5;Medium_Low;Medium_long_term;1;Semiurban;Y
Male;Yes;2;No;6;4;NIL;Medium_long_term;1;Urban;N
Female;No;0;No;9;1;Medium_High;Medium_long_term;1;Rural;Y
Male;Yes;3;No;7;1;Medium_High;Medium_long_term;1;Rural;Y
Male;Yes;0;No;5;7;Medium_High;Medium_long_term;1;Semiurban;Y
Male;Yes;0;No;22;1;High;Medium_long_term;1;Semiurban;Y
Male;Yes;2;No;17;1;High;Medium_long_term;1;Semiurban;Y
Male;Yes;1;No;4;5;Medium_High;Medium_long_term;1;Rural;Y
Male;No;2;No;8;1;Medium_Low;Medium_long_term;0;Rural;N
Male;Yes;1;No;37;1;Very_high;Medium_long_term;1;Urban;N
Male;Yes;2;Yes;10;5;Medium_High;Medium_long_term;1;Semiurban;Y
Male;No;0;No;5;1;Medium_Low;Medium_long_term;1;Urban;N
Male;No;0;No;6;6;Medium_Low;Medium_long_term;NIL;Semiurban;Y
Male;Yes;1;No;11;3;Medium_High;Medium_long_term;NIL;Urban;Y
Male;No;0;No;8;1;Medium_High;Medium_long_term;1;Rural;Y
Female;No;0;Yes;35;1;High;Medium_long_term;1;Semiurban;Y
Male;Yes;0;No;8;5;Medium_High;Medium_long_term;0;Rural;N
Female;Yes;1;No;7;2;Medium_High;Medium_short_term;1;Semiurban;Y
Male;Yes;0;No;6;4;Medium_High;Medium_long_term;1;Rural;Y
Male;Yes;0;No;10;6;Medium_High;Short_term;NIL;Urban;Y
Male;Yes;1;Yes;6;1;Medium_Low;Medium_long_term;1;Semiurban;Y
Male;No;0;No;13;9;High;Medium_long_term;0;Rural;N
Female;No;0;No;2;8;Medium_High;Long_term;1;Rural;Y
Female;No;0;No;7;1;Medium_Low;Medium_long_term;1;Semiurban;Y
Male;Yes;2;No;10;12;High;Medium_long_term;1;Semiurban;Y
Male;Yes;1;No;9;11;Medium_High;Medium_long_term;NIL;Rural;N
Male;Yes;0;No;8;3;Medium_High;Medium_long_term;1;Semiurban;Y
Male;Yes;2;No;8;9;High;Medium_long_term;1;Rural;Y
Male;Yes;0;No;42;14;Very_high;Medium_long_term;NIL;Urban;Y
NIL;No;0;No;8;1;Medium_Low;Medium_long_term;1;Urban;N
Male;Yes;0;Yes;5;7;Medium_High;Medium_long_term;1;Urban;Y
Female;No;1;No;27;1;Low;Medium_long_term;1;Urban;Y
Male;No;0;No;8;3;Medium_Low;Medium_long_term;1;Rural;N
Male;Yes;1;No;13;5;High;Medium_long_term;1;Semiurban;Y
Male;Yes;2;No;7;5;Medium_High;Medium_long_term;1;Urban;Y
Male;Yes;0;No;5;14;Medium_Low;Medium_short_term;1;Semiurban;N
Male;No;0;No;12;8;High;Medium_long_term;1;Rural;N
Male;Yes;3;No;7;7;Medium_High;Medium_long_term;1;Rural;Y
Female;Yes;2;No;5;4;Medium_High;Long_term;1;Semiurban;Y
Male;Yes;NIL;No;7;4;Medium_High;Medium_long_term;0;Semiurban;N
Male;No;0;No;10;4;Medium_High;Medium_long_term;1;Semiurban;N
Female;No;0;No;7;1;Medium_Low;Medium_long_term;1;Rural;N
Male;Yes;2;No;5;4;Low;Medium_long_term;1;Semiurban;Y
Male;No;0;No;5;1;Medium_Low;Medium_long_term;1;Semiurban;Y
Male;Yes;3;Yes;12;3;Medium_Low;Medium_long_term;1;Rural;Y
Male;Yes;2;Yes;16;15;Very_high;Medium_long_term;1;Rural;Y
Male;No;0;No;10;5;NIL;Medium_long_term;1;Semiurban;N
Male;Yes;2;Yes;35;1;High;Medium_long_term;1;Rural;Y
Male;Yes;0;No;8;1;Medium_High;Medium_long_term;1;Semiurban;Y
Male;Yes;1;No;11;3;Medium_High;Medium_long_term;0;Semiurban;Y
Male;No;1;No;6;3;Medium_Low;Medium_long_term;1;Semiurban;Y
Male;No;0;No;14;1;Medium_High;Medium_long_term;1;Semiurban;Y
Male;Yes;0;No;3;11;High;Medium_long_term;NIL;Rural;Y
Male;Yes;3;No;9;1;Medium_Low;Medium_long_term;1;Urban;Y
Male;No;2;No;8;1;Medium_High;Medium_long_term;0;Rural;N
Male;No;1;No;23;1;Medium_High;Medium_long_term;NIL;Semiurban;N
Female;No;0;Yes;37;1;Medium_High;Medium_long_term;1;Urban;Y
Male;No;0;NIL;6;5;Medium_High;Medium_long_term;1;Rural;Y
Male;Yes;0;No;13;8;High;Medium_long_term;1;Urban;Y
Male;No;2;No;8;1;Medium_High;Medium_long_term;1;Semiurban;Y
Male;Yes;0;No;6;2;Medium_Low;Medium_long_term;1;Rural;N
Male;Yes;3;No;13;1;Medium_High;Medium_short_term;1;Rural;Y
Female;Yes;1;No;10;6;Medium_High;Medium_short_term;1;Semiurban;Y
Female;No;0;No;5;1;Medium_Low;Medium_long_term;0;Semiurban;N
Female;No;1;NIL;8;1;Medium_Low;Medium_long_term;1;Semiurban;Y
Male;Yes;1;No;5;6;Medium_High;Medium_long_term;1;Urban;Y
Female;Yes;0;No;7;2;Medium_High;Medium_long_term;NIL;Semiurban;Y
Male;Yes;0;No;6;4;Medium_High;Medium_long_term;1;Rural;Y
Male;No;0;No;7;1;Medium_Low;Short_term;1;Semiurban;N
Male;No;0;No;6;4;Medium_High;Medium_long_term;1;Rural;Y
Female;No;0;No;10;1;Medium_High;Medium_long_term;0;Semiurban;N
Male;Yes;0;No;6;5;Medium_High;Medium_long_term;1;Rural;Y
Male;Yes;2;Yes;14;1;NIL;Medium_long_term;0;Rural;N
Male;Yes;1;No;5;5;NIL;Medium_long_term;1;Rural;Y
Male;Yes;1;No;7;7;Medium_High;Medium_long_term;1;Urban;Y
Male;Yes;0;No;5;5;Medium_High;Medium_long_term;0;Urban;N
Male;Yes;0;No;8;9;Medium_High;Medium_short_term;0;Rural;N
Male;Yes;1;No;11;3;Low;Medium_long_term;1;Semiurban;Y
Female;No;0;No;6;4;Medium_Low;Medium_long_term;NIL;Urban;Y
Male;Yes;3;Yes;21;1;High;Medium_long_term;1;Semiurban;Y
Male;Yes;0;No;8;6;Medium_High;Medium_long_term;1;Semiurban;Y
Female;Yes;0;No;9;5;Medium_High;Medium_long_term;1;Semiurban;Y
Male;Yes;2;No;8;1;Medium_High;Medium_long_term;1;Semiurban;Y
Female;Yes;1;Yes;40;1;Very_high;Medium_long_term;1;Semiurban;Y
Male;Yes;0;No;12;5;High;Medium_long_term;1;Rural;Y
Male;No;0;Yes;12;1;Medium_High;Medium_long_term;1;Semiurban;Y
Male;Yes;2;No;18;1;High;Medium_long_term;0;Urban;N
Male;Yes;0;No;9;1;Medium_High;Medium_long_term;NIL;Rural;Y
Male;No;0;No;7;1;Medium_Low;Medium_long_term;1;Urban;Y
Male;Yes;3;No;7;5;Medium_High;Medium_long_term;0;Rural;N
Female;No;0;No;5;1;Low;Medium_long_term;1;Urban;N
Male;Yes;0;No;7;5;Medium_High;Medium_long_term;0;Urban;N
Male;Yes;1;No;7;4;Medium_High;Medium_long_term;1;Urban;Y
Male;Yes;NIL;No;11;3;Medium_High;Medium_long_term;0;Urban;N
Male;Yes;2;No;34;1;High;Medium_long_term;1;Urban;Y
Male;Yes;2;No;13;4;Medium_High;Long_term;1;Semiurban;N
Male;Yes;3;No;13;1;Medium_High;Medium_long_term;1;Semiurban;N
Male;Yes;2;No;7;1;Medium_High;Medium_short_term;1;Urban;Y
NIL;Yes;0;No;7;5;Medium_High;Medium_long_term;0;Semiurban;N
Male;No;0;No;7;6;Medium_High;Medium_long_term;1;Urban;Y
Male;Yes;1;No;4;5;Medium_High;Medium_long_term;1;Rural;Y
Male;No;0;NIL;7;6;Medium_High;Medium_long_term;1;Urban;Y
Male;Yes;2;No;14;1;High;Medium_long_term;1;Semiurban;Y
Male;No;0;No;4;68;Medium_Low;Medium_long_term;1;Urban;N
Female;Yes;0;No;7;1;Low;Medium_long_term;1;Semiurban;Y
Male;Yes;1;No;4;1;Medium_Low;Medium_long_term;NIL;Rural;N
Male;Yes;1;No;6;4;Medium_High;Medium_long_term;0;Rural;N
Male;Yes;1;No;9;6;Medium_High;Medium_short_term;1;Rural;N
Male;Yes;0;No;5;4;Medium_High;Medium_long_term;1;Urban;Y
Female;No;0;No;5;1;Medium_Low;Medium_long_term;1;Semiurban;Y
NIL;No;0;No;10;1;Medium_Low;Medium_long_term;1;Semiurban;Y
Male;Yes;2;Yes;6;1;Medium_High;Medium_long_term;0;Semiurban;N
Male;Yes;0;No;6;7;Medium_Low;Medium_short_term;1;Semiurban;Y
Male;Yes;2;Yes;12;1;High;Medium_long_term;1;Semiurban;N
NIL;No;3;Yes;19;1;High;Medium_long_term;1;Semiurban;Y
Male;Yes;0;No;8;7;Medium_High;Medium_short_term;1;Rural;Y
Male;Yes;0;Yes;33;1;High;Medium_long_term;1;Urban;Y
Male;No;0;No;8;1;Medium_High;Medium_long_term;1;Rural;Y
Male;Yes;2;Yes;13;2;Medium_High;Medium_long_term;1;Rural;N
Male;No;NIL;No;6;1;Medium_Low;Medium_long_term;0;Semiurban;N
Male;Yes;0;Yes;20;1;Medium_High;Medium_long_term;1;Rural;Y
Male;Yes;2;No;12;1;Medium_High;Medium_long_term;1;Urban;Y
Female;No;3;NIL;1;84;High;Medium_short_term;NIL;Urban;N
Male;Yes;0;NIL;6;6;Medium_High;Medium_long_term;1;Rural;Y
Male;Yes;3;No;12;1;Medium_High;Medium_long_term;1;Urban;Y
Male;No;0;No;8;9;Medium_High;Medium_long_term;1;Rural;Y
Female;Yes;1;No;24;1;Very_high;Medium_long_term;1;Semiurban;Y
Male;Yes;0;No;5;8;NIL;Medium_short_term;1;Urban;N
Male;Yes;1;No;7;5;Medium_High;Medium_long_term;1;Semiurban;Y
Male;Yes;2;No;8;3;Medium_High;Medium_long_term;1;Rural;Y
Male;Yes;0;No;7;4;Medium_High;Medium_long_term;1;Rural;Y
Female;No;0;No;6;1;Medium_Low;Medium_long_term;1;Rural;Y
Male;Yes;3;No;9;1;Low;Medium_short_term;1;Rural;Y
Male;Yes;1;No;17;1;High;Medium_long_term;1;Urban;Y
Male;Yes;2;No;16;1;Medium_High;Medium_long_term;1;Urban;Y
Female;No;0;Yes;10;1;Medium_High;Medium_long_term;0;Semiurban;N